,Bollywood/Hindi,Regional/Folk,South Indian,Classical,Devotional
West Coast,84.85,57.25,77.2,74.44999999999999,30.35
East Coast,84.4,54.8,51.3,52.6,18.1
South,82.47500000000001,62.45,51.675,52.025000000000006,40.125
Midwest,80.93333333333332,58.9,44.666666666666664,59.36666666666667,31.833333333333332
